xo,f(xo)
4.000000,4.395403
4.000000,-0.447336
